cabd_id,dam_name_en
793676fe-bc13-4968-9cf4-83425123e445,Skins Lake #2 Dam
c54626fb-ae8e-4873-ada5-012b72664107,Johnny Creek Balancing Reservoir Dam
7a2ad424-49e7-4635-8a96-918d1a01c9b2,Skins Lake #1 Dam
dceea913-133a-456b-9d5d-fa35ed350c84,Sturt Creek
c6005cf0-dc9d-4158-9a50-1915ed7aca70,Theodosia
8ea67910-0311-4e52-8bb6-f6c4f427972f,Wasson Creek Reservoir Saddle Dam
750f066a-7e0a-4a03-9d8b-fe5a3821b3df,
7badc2f8-0361-4b70-80e1-d7e95c2341f5,Cowichan Lake Weir
4af7f0d7-988e-4862-b6d5-a8e02f45f022,Mountain Lake
ce7207ad-18c1-4734-b9ca-30af7128b66b,Utopia Lake Dam
82621c02-4bdb-11ed-bdc3-0242ac120002,
bf11ac19-7749-43ae-8e9c-0fe144650bea,Then Ponds Dam
fc1079af-afde-4dd7-91a9-6089f48c68b2,Blind Slough Dam
6bb3ae95-16e7-4a6d-8fb5-1eab2d83b035,Barricade Lake Saddle Dam
98137635-79d5-4c4c-aa62-31312a052cd4,
ebdcfdbd-ab20-462f-ab42-5aef91e68009,Tadpole Lake South Dam
5b8f34fc-1ef0-436b-9fa6-2ec6ff5699b6,Eagle Rock Reservoir Dam
d6e55079-e2c7-4eca-9124-2620dd569fc6,Frank Ward Lake #3 Dam
5da6bc73-1834-4b32-b3eb-f68a90a4caf0,
150240b2-1f5b-4d07-a93d-7da6d78e2782,Misty Lake Dam
7277beb5-eebd-4869-8ae1-c42420363648,Thurman Pond Dam
e6d8c4d5-9518-4180-b327-dffe3da23ed9,
99c9f2d4-8711-4884-804f-2cb2bfc34dd9,Duckenfield Creek Dam
489ae2e5-2998-433d-b666-e3b461edc713,Jump Creek Saddle
92c4ef17-0318-437d-a58b-adb7e6be5f64,Mcculloch Haynes Dam
71bf3c08-4aa5-43a3-b367-5b6f7bcea2e3,Pooley Creek Res. Dam #2
36c657eb-9b4a-457f-8883-e9fb35389431,
82552fec-6577-4176-bb7f-21833650fecb,Grizzly Main Dam
52e2f0ab-aa55-4a3f-9eeb-f472bd09a420,Grizzly Canal Dam
c153c09d-780d-4dcb-88fb-4e4486e79a68,
b62a0c5d-42cc-4e3d-9e07-35cbc16db6e4,Tracey Lake Saddle Dam
965297fb-4012-4642-bd05-ed3bfc624364,
b8974310-2109-4ac4-a4b7-1c0247e99fee,Puntzi Lake B Dam
67ef091f-5586-4cac-aecd-99c4472ee76e,Yook Lake Dam
93e07ba7-362f-4e2b-90fb-d6b587c2e99b,Martin Brook Dam
39bf9db1-38b0-4b5d-929d-f4b52045e8f4,Elsie Lake Saddle #1 Dam
2117f0d9-1d7f-4983-b8d2-9b317d060663,Seton Dam Power Canal
e8e4bd88-c3c9-407c-a7a0-15c6c51704fd,
b4c83203-ed72-433a-bcdd-e316a8720384,Alvin Marshes Dam
6a792d8f-b9c5-44a4-a260-0f06c3b20821,
682aaf70-2668-49de-8f03-ac60aed20784,Godwin Lake Dam
effedd31-f45d-440a-a6a7-f320cc68941a,Hansen Reservoir Dam
b465e91e-fe19-4c09-bb25-214de9c4d402,Karl Herde (Muench Creek) 2 Dam
8425e211-3006-4971-a503-575e4402c0e2,
6545a1ed-0816-495f-b336-7d1311963322,Thornton Creek Dugout Dam
b36b017a-9cc5-411f-816c-6cfbb8e47138,Elsie Lake Main Dam
ec5a9a77-dad0-4168-818c-a69930b51247,Eagle Lake West Dam
3ad94c96-052f-4a3c-a412-76782226bd7b,Doran Lake Intake Dam
eff1897f-ecdd-4b65-a995-93cce4225fa5,
d8a604b7-0a71-4d6a-86fc-0c2ac9a45e47,
